{
  "src_folders": ["tests"],
  "output_folder": "reports/XMLReports",
  "custom_commands_path": "",
  "custom_assertions_path": "",
  "page_objects_path": "pages",
  "selenium": {
    "start_process": true,
    "server_path": "lib/drivers/selenium-server-standalone-3.11.0.jar",
    "start_session": true,
    "log_path": "log/selenium-debug.log",
    "host": "127.0.0.1",
    "port": 9515,
    "cli_args": {
      "webdriver.chrome.driver": "lib/drivers/chromedriver.exe"
    }
  },
  "test_settings" : {
      "chrome": {
          "launch_url": "http://localhost",
          "selenium_port": 9515,
          "selenium_host": "localhost",
          "silent": true,
          "screenshots": {
            "enabled": true,
            "path": "screenshots/Chrome/"
          },
          "desiredCapabilities": {
            "browserName": "chrome",
            "chromeOptions": {
              "args": [
                
              ]
            }
          }
        },

    "edge" : {
      "desiredCapabilities": {
        "browserName": "MicrosoftEdge"
      }
    }
  }
}